{"cameraMode":{"drawMode":0,"name":"Shaded","section":"Shading Mode"},"sceneLighting":true,"audioPlay":false,"sceneViewState":{"showFog":false,"showMaterialUpdate":false,"showSkybox":false,"showFlares":false,"showImageEffects":false,"showParticleSystems":false},"in2DMode":false,"pivot":{"x":-12.44088077545166,"y":-20.537485122680665,"z":-16.386037826538087},"rotation":{"x":-0.1167718842625618,"y":0.8797421455383301,"z":-0.37403613328933718,"w":-0.272059828042984},"size":44.84360122680664,"orthographic":false}